{"cameraMode":{"drawMode":0,"name":"Shaded","section":"Shading Mode"},"sceneLighting":true,"audioPlay":false,"sceneViewState":{"showFog":true,"showMaterialUpdate":false,"showSkybox":true,"showFlares":true,"showImageEffects":true,"showParticleSystems":true},"in2DMode":false,"pivot":{"x":-0.7296962738037109,"y":-2.500396728515625,"z":-0.4274739623069763},"rotation":{"x":-0.20078705251216889,"y":-0.6657559275627136,"z":0.19310621917247773,"w":-0.6922320127487183},"size":8.495039939880371,"orthographic":false}