{"cameraMode":{"drawMode":0,"name":"Shaded","section":"Shading Mode"},"sceneLighting":false,"audioPlay":false,"sceneViewState":{"showFog":true,"showMaterialUpdate":false,"showSkybox":false,"showFlares":true,"showImageEffects":true,"showParticleSystems":true},"in2DMode":false,"pivot":{"x":0.4437685012817383,"y":5.866114616394043,"z":0.19246196746826173},"rotation":{"x":-0.22209477424621583,"y":0.5350358486175537,"z":-0.14825375378131867,"w":-0.8015209436416626},"size":16.623083114624025,"orthographic":false}